company_name,address,date_of_attack,revenue,industry ,data_volume,data_description
N/A,N/A,N/A,N/A,N/A,N/A,N/A
gocco,"CALLE DE LA CALENDULA (MINIPARC III, SOTO DE LA MORALEJA) 93 28109, ALCOBENDAS, Madrid Spain",18.02.2024,$937.9M,Retail,136 GB,N/A
geocom,"3071 Dionisio Oribe, Montevideo, Montevideo, 11600, Uruguay",17.12.2023,$63.2M,Technology and Software Development ,77 GB,"Clients, Sales, UserData"
AXIOM CONSTRUCTION,"1841 Front St Ste A, Lynden, Washington, 98264, United States",18.12.2023,$18.9M,Construction,2.4 TB,N/A
XINDAO,"1d Verrijn Stuartlaan, Rijswijk, South Holland, Netherlands",22.04.2024,$50.5M,Retail,1 TB,N/A
ODALYS,"2 Rue De La Roquette Passage Du Cheval Blanc Cour De Mai, Paris, France",18.12.2023,$151.1M,Hospitality and Toursim,2.4 TB,N/A
RENYPICOT,"140 Velazquez, Madrid, Madrid, 28006, Spain",20.03.2024,$911.7M,Spanish dairy producing company,350 GB,"Accounting\treasury\taxes, HR - payrolls\personal documents\dossiers, Customer data, contracts, Engineering\R&amp;D\QA documents, corporate correspondence, database exports with client information, employees' and executive managers personal folders and much more."
KELSON,"5-593 Norris Ct, Kingston, Ontario, K7P 2R9, Canada",28.03.2024,$61.8M,Industrial Machinery & Equipment,1.5 TB,"Accounting\payroll documents, Personal Identifying information, Engineering\QA data, projects and confidential design documents, contracts, tenders, various customer data, employees and executive managers personal folders, database exports, etc."
FLODRAULIC,"3539 N 700 W, Greenfield, Indiana, 46140, United States",15.09.2024,$58.4M,Industrial Machinery & Equipment,32 GB,"Employees personal and corporate data, customer information, contracts, projects, drawings, financial documents, corporate correspondence, etc."
HYDMECH,"1079 Parkinson Rd, Woodstock, Ontario, N4S 0A9, Canada",10.07.2024,$47.2M,Industrial Machinery & Equipment,980 GB,"Engineering data - drawings, r&amp;d, QA, Personal Identification information (passports, DLs, etc.), customer agreements, HR confidential data, executives and employees personal folders, financial statements\payroll, etc."
BALCAN,"9340 De Meaux St, Montreal, Quebec, H1R 3H2, Canada",02.08.2023,$398.5M,Containers and Packing ,82 GB,Customer Files
FBT INC.,"2572 S Union Ave, Bakersfield, California, 93307, United States",07.07.2024,$70.8M,Transportation,180 GB,"Personal identifiable information, financial documents, corporate confidential files, employees and executives personal files, corporate correspondence, etc."
PAUL STUART,"Ny-new Madison Avenue &amp; East 45th St, New York City, New York, 10017, United States",18.12.2023,$24.1M,Retail,230 GB,N/A
VERCO,"67 Clerkenwell Rd, London, Greater London, EC1R 5BL, United Kingdom",22.07.2024,$17.5M,"Design, Manufacture and supply of Office Furniture",592 GB,"Personal identifiable information, corporate confidential data, contracts, engineering data\drawings\projects, employees and executives personal files, financial documents\statements, corporate correspondence, etc."
FORONI S.P.A,"3040 Post Oak Blvd Ste 1030, Houston, Texas, 77056, United States",03.09.2023,$24.7M,Manufacturing (Metal Alloys),100 GB,"Commerceale, Personal, Administration"
REGULATOR MARINE,"187 Peanut Dr, Edenton, North Carolina, 27932, United States",13.05.2024,$28.1M,Boat construction,630 GB,"Thousands of engineering documents and drawings, administrative docs, corporate correspondence, employees and executive managers personal data, Personal Identifying information, database backups\exports, etc"
SEYMOURS,"188 High St, Ripley, Surrey, GU23 6BD, United Kingdom",30.07.2023,$43.8M,Real Estate,250 GB,"Accounts, Tenancies"
BALBOA BAY RESORT,"1221 W Coast Hwy, Newport Beach, California, 92663, United States",15.09.2024,$101M,Hotels and resorts,790 GB,"Personal Identifiable Information, employees\executives personal data, customer information, financial data, contracts, corporate correspondence, etc."
EBIR,"9 Calle El Perell‚àö‚â•, Torrent, Valencia, 46900, Spain",18.04.2024,$5M,Furniture Retail,2.4 TB,N/A
OMNIVISION,"4275 Burton Dr, Santa Clara, California, 95054, United States",20.12.2023,$66.1M,Manufacturing (Semiconductor),600 GB,"Projects, Accounting, HR, UserData"
SPECIALISED MANAGEMENT SERVICES (SMS),"168 Skene St, Aberdeen, Aberdeen City, AB10 1PE, United Kingdom&nbsp;",24.12.2023,$34.8M,Business Services,620 GB,"Finance, HR, Project, Operations Personnel"
ARTEMIDE,"18 Via Bergamo Pregnana Milanese, Cornaredo, Lombardy, 20010, Italy",10.07.2023,$203.7M,Furniture Retail,12.5 GB,Corporate Data
CTS,"30 Church St, Kidderminster, West Midlands, DY10 2AX, United Kingdom",25.12.2023,$23.2M,IT Services and Consulting,2.4 TB,Confidential data from 2 law firms 
WKW GROUP,"235 Hahnerberger Stra√£√øe, Wuppertal, Nordrhein-Westfalen, 42349, Germany",12.01.2024,$707M,Manufacturing (Automotive),2.4 TB,N/A
MINEMAN,"2 Eastern Road, South Melbourne, Vic 3205, AUSTRALIA",24.12.2023,$66.1M,Mining and Resources,440 GB,"User Data, Databases"
CIE AUTOMOTIVE,"69 Alameda Mazarredo 8¬∫, Bilbao, Basque Country, 48009, Spain",20.12.2023,$66.1M,Manufacturing (Automotive),2.4 TB,N/A
SCANDA,"Av Parque de Chapultepec 56, El Parque, 53398 Naucalpan de Ju√°rez, M√©x., Mexico",19.05.2024,$23.6M,Business Services,387 GB,"Personal Identification information, corporate documents, legal information, financial data\payroll\reports, employee personal data, correspondence, customer information, contracts, database backups."
BARCO UNIFORMS,"350 W Rosecrans Ave, Gardena, California, 90248, United States",30.08.2023,$75.7M,Retail,107 GB,"Human Resources, Executives"
SA GLOBAL,"300-1055 W Hastings St, Vancouver, British Columbia, V6E 2E9, Canada",18.04.2024,$243.7M,"IT solutions, infrastructures and networks",41 GB,N/A
CANAVESANA SERVIZI,"31 a Via Novara, Ivrea, Piedmont, 10015, Italy",19.12.2023,$25.5M,Business Services,80 GB,"Corporate Data, Personal data"
LAJOLLA,"14350 Myford Rd Ste 100, Irvine, California, 92606, United States",21.12.2023,$35.2M,Tourism,2.4 TB,N/A
PHOENIX TAXIS,"Albion Retail Park Albion Way, Blyth, Northumberland, NE24 5BW, United Kingdom",10.07.2023,$50.7M,Transportation ,6 GB,"Accounting, Employee files"
LAGARDE MEREGNANI,"4 Zac St Jacques Ii, Maxeville, 54320, France",24.12.2023,$55.8M,Building Finishing Company,790 GB,"Identity card, Services"
ACA ENGENHARIA & CONSTRUCAO,"63 Ave Dos Descobrimentos, Vila Nova de Famalicao, Braga, 4760-011, Portugal",01.07.2023,$13.4M,Construction ,109 GB,"Accounting, Human Resources, Management"
EXCO,"9-11 Adam-opel-stra√üe, Frankenthal, Rheinland-Pfalz, 67227, Germany",28.08.2024,$76.4M,Software ,251 GB,"Personal Identifiable Information, employees and executives personal and corporate data, customer data, financial documents, contracts, corporate correspondence, etc."
REGENCY FURNITURE,"10318 Portsmouth Rd, Manassas, Virginia, 20109, United States",15.04.2024,$369M,Retail Store,300 GB,"Personal Identifying information, financial statements, corporate correspondence, contracts, employee and customer information, executive managers personal data, database backups, etc."
REYES AUTOMOTIVE,"1 Lone Star Pass Bldg 28, San Antonio, Texas, 78264, United States",01.07.2023,$73M,Manufacturing (Automotive),31 GB,"Human Resources, Audit, Accounting"
IDDINK GROUP,"Galvanistraat 119, 6716 AE Ede, NL",13.05.2024,$80.1M,Content & Collaboration Software,1 TB,"Personal identifying information, financial documents, customer data, database exports, various confidential documents, corporate correspondence, employees personal documents, private software sources, etc."
MCALVAIN,"5559 W Gowen Rd 100, Boise, Idaho, 83709, United States",15.04.2024,$199M,Commercial & Residential Construction,1.2 TB,"Confidential personal identification data, private information, financial data, construction projects, agreements, drawings, corporate correspondence, accounting, operational data, top managers and key employees' personal folders and much more."
CONFARTIGIANATO FEDERIMPRESA FC,"49 Via Ilaria Alpi, Cesena, Emilia-Romagna, 47023, Italy",10.07.2023,$11.4M,Financial Services,25 GB,"Finance, HR, Administration"
MAXXD TRAILERS,"7075 Fm 38 N, Brookston, Texas, 75421, United States",24.12.2023,$40.4M,Manufacturing (Automotive),240 GB,User Data
MULTI MASTERS GROUP,"620 Beversesteenweg, Roeselare, Flanders, 8800, Belgium",18.12.2023,$604.9M,Facilities Management Solutions,175 GB,"Finance, Sales"
NATIONAL NAIL,"2964 Clydon Ave SW, Grand Rapids, Michigan, 49519, United States",19.12.2023,$678.9M,Business Services,2.4 TB,N/A
BELL GROUP,"Bell Business Park Rochsolloch Rd, Airdrie, North Lanarkshire, ML6 9BG, United Kingdom",12.01.2024,$103.6M,Real Estate,9 GB,N/A
MY INSURANCE BROKER,"50 W Wilmot St Unit 6, Richmond Hill, Ontario, L4B 1M5, Canada",21.12.2023,$186.9M,Finance,638 GB,"Accounting, UserData"
"INTERCITY INVESTMENTS, INC.","4301 Westside Dr Ste 100, Dallas, Texas, 75209, United States",18.01.2024,$31.1M,Real Estate,2.4 TB,N/A
THE AMERICAN METEOROLOGICAL SOCIETY,"45 Beacon St, Boston, Massachusetts, 02108, United States",10.07.2023,$16M,Meteorology ,21 GB,"Accounting, HR, Development, Executive"
PETERSEN HEALTH CARE,"830 W Trailcreek Dr, Peoria, Illinois, 61614, United States",20.12.2023,$172.5M,Healthcare,2.4 TB,N/A
CWS DIGITAL SOLUTIONS,"24 Via Emilia, San Donato Milanese, Lombardy, 20097, Italy",10.07.2023,$66.1M,IT Services ,6.5 GB,Client data
SKY LIGHT,"36 T√∏mrervej, Varde, Region Syddanmark, 6800, Denmark",09.07.2024,$26.4M,Manufacturing,50 GB,"Personal identifiable information, corporate agreements, projects, financial documents, employees and executives personal files, corporate correspondence, etc."
TORMAX USA INC.,"12859 Wetmore Rd, San Antonio, Texas, 78247, United States",04.09.2023,$19.1M,Furniture Retail,170 GB,"Engineering, Finance, Scans"
SCHUETTE METALS,"1604 Morrison Ave, Rothschild, Wisconsin, 54474, United States",23.05.2024,$28.9M,Industrial Machinery & Equipment,280 GB,"Financial documents, supplier agreements, contracts, NDAs, Personal identifying information, Engineering data, employee personal files, database exports, etc."
PBS SYSTEMS,"4041 128 Ave SE, Calgary, Alberta, T2Z 5G6, Canada",12.01.2024,$71.5M,Automobile Dealers,202 GB,N/A
CONCORDE GROUP,"2507 16 St SE, Calgary, Alberta, T2G 3R4, Canada",18.04.2024,$150M,Hospitality ,2 GB,N/A
GLYN MARAIS,"The Pl Fl 2, Sandton, 2146, South Africa",07.07.2024,$11.3M,Law Firms & Legal Services,105 GB,"Employees and executives personal files, personal identifiable information, financial documents, corporate confidential files, correspondence, etc."
DESKCENTER AG,"Arthur-Hoffmann-Stra√üe 175, 04277, Leipzig, Germany",07.07.2024,$25.9M,Software,224 GB,"Employees personal and corporate data, personal identifying documents, financial documents, customer information, database backups\exports, etc."
AMERICOLD LOGISTICS LLC,"South Tower 10 Glenlake Pkwy Ste 600, Atlanta, Georgia, 30328, United States",01.07.2023,$66.1M,Transportation & Logistics,25 GB,Accounting
DEMOS GROUP,"1 Parvis De La Defense, Nanterre, Ile-de-France, 92000, France",07.08.2024,$37.5M,Professional Training and Coaching,870 GB,"Personal identifiable information, corporate confidential data, NDA, contracts, employees and executives personal files, financial documents\statements, customer information, corporate correspondence, etc."
QOSINA,"2002q Orville Dr N, Ronkonkoma, New York, 11779, United States",26.03.2024,$37.9M,Medical device manufacturer,375 GB,"Financial documents, employee and executive managers personal data, engineering documents and drawings, QA data, customer information, contracts, etc."
AT WORK,"200 Adelaide St S, London, Ontario, N5Z 3L1, Canada",22.12.2023,$33.4M,Furniture Retail,189 GB,"Clients, Finance, HR"
BEST TRANSPORTATION,"263 Distribution St, Newark, New Jersey, 07114, United States",15.04.2024,$24.8M,Transporation company,24 GB,"Employees and executives personal folders, financial statements, payroll data, customer agreements, etc."
CHAMPEAU,"491 Rte 253, Saint Malo, Quebec, J0B 2Y0, Canada",16.09.2024,$25.5M,Building Materials,130 GB,"Personal Identifiable Information, employees\executives personal data, engineering documents\projects\drawings, customer information, financial documents, corporate correspondence, etc."
SIMSON MAXWELL,"467 Exploration Ave SE, Calgary, Alberta, T3S 0B4, Canada",10.09.2024,$29.4M,Industrial Machinery & Equipment,357 GB,"Personal Identifiable Information, Employees personal and corporate data, customer information, contracts, projects, drawings, financial documents, corporate and personal correspondence, etc."
CTS,"18f-6 no.79 Sec.1 Xintai 5th Rd, Xizhi Dist., New Taipei City, 221, Taiwan",21.06.2024,$11.8M,Cable & Satellite,93 GB,"Corporate confidential data, engineering documents, financial data, customer information, personal identification documents, database backups, etc."
SOFIDEL,"23 Via Lazzareschi, Porcari, Tuscany, 55016, Italy",09.07.2024,$66.1M,Manufacturing,74 GB,"Personal identifiable information, financial documents, employees and executives personal files, customer information, corporate correspondence, etc."
CLESHAR,"Heather Park House N Circular Rd, London, Greater London, NW10 7NN, United Kingdom",21.03.2024,$239.3M,UK railway contractor,1 TB,"Accounting\treasury\taxes 40GB+, HR - payrolls\personal documents\dossiers 110GB+, Customer data - projects\contracts\drawings 130GB+, Engineering\R&amp;D\QA, Legal documents 3GB+, corporate correspondence 120GB+, employees' personal folders, database exports\backups... Thousands of financial documents, employees background reports including Personal Identifying information, contracts and tenders, executive directors personal and corporate data, engineering database exports and much more."
MIHLFELD,"2841 E Division St, Springfield, Missouri, 65803, United States",28.08.2024,$88.2M,Freight & Logistics Services,316 GB,"Employees personal and corporate data, Personal Identifiable Information, financial documents, customer information, contracts, corporate and personal correspondence, etc."
LABERGE TRANSPORT,"1050 Norman St, Lasalle, Quebec, H8S 1A5, Canada",10.07.2024,$27.8M,"Transportation, Logistics",110 GB,"Employees personal and corporate data, Personal Identifiable Information, financial documents, customer information, corporate and personal correspondence, database exports, etc."
TIBA IT SERVICES,"Jardines Universidad, Zapopan, Jalisco, 45110, Mexico",28.08.2024,$124.3M,Data Collection & Internet Portals,29 GB,"Personal Identifiable Information, employees and executives personal and corporate data, financial documents, contracts, corporate correspondence, etc."
DAYSTAR,"121 Shattuck Way Ste 10, Portsmouth, New Hampshire, 03801, United States",07.07.2024,$120.3M,Television Network,125 GB,"Personal identifiable information, corporate confidential documents, financial data, personnel information, employees personal files, legal documents, corporate correspondence, etc."
AMMEGA,"8 Comeniusstraat, Alkmaar, North Holland, 1817 MS, Netherlands",21.04.2024,$66.1M,Belting Production Holding,3 TB,"Accounting\treasury\taxes 250GB+, HR - payrolls\personal documents\dossiers 150GB+, Customer data - projects\contracts\drawings 100GB+, Engineering\R&amp;D\QA 250GB+, Legal documents, corporate correspondence 100GB+, employees' personal folders... Lots of corporate confidential data, employees Personal Identifying information, executive managers personal data, legal documents including lawsuits, contracts, etc.&nbsp;"
WARDLOW CLAIMS SERVICE,"2725 Texas Central Pkwy, Waco, Texas, 76712, United States",21.12.2023,$30.3M,Finance & Insurance,48 GB,"Accounting, Human Resources"
PROMOTRANS,"12 Rue Cabanis, Paris, √éle-de-france, 75014, France",24.12.2023,$40.8M,Transportation & Logistics,435 GB,"Internal Data, Budget"
PEACOCK BROS PTY LTD,"11-13 Stamford Rd, Oakleigh, Victoria, 3166, Australia",20.12.2023,$19.8M,IT and Software Solutions,25 GB,"Accounting, UserData"
NEWAGESYS,"4390 Us-1 Ste 110, Princeton, New Jersey, 08540, United States",28.03.2024,$24.1M,Business consulting,319 GB,"Accounting\payroll\tax documents, HR data, Personal Identifying information, background reports, corporate correspondence\mailbox backups, employees personal folders, etc."
DTS,"100 Augusta Arbor Way, Greenville, South Carolina, 29605, United States",28.01.2024,$31.1M,Transportation & Logistics,2.4 TB,N/A
LEONARD'S,"4601 Nancy St, Detroit, Michigan, 48212,, United States",05.08.2024,$22M,Food & Beverage,575 GB,"Employees personal and corporate data, Personal Identifiable Information, accounting, financial documents, customer data, contracts, corporate correspondence, database exports etc."
RICOR GLOBAL LIMITED,"Arrow Works Birmingham Rd, Studley, West Midlands, B80 7AS, United Kingdom",18.12.2023,$29.5M,Manufacturing,248 GB,"Accounting, HR, Finance, Sales, Corporate Data"
CHUBB BULLEID,"10 Leigh Rd, Street, Somerset, BA16 0HA, United Kingdom",05.08.2024,$14M,Law Firms & Legal Services,362 GB,"Personal identifiable information, customer confidential information, litigation documents, corporate confidential data, NDA, contracts, employees and executives personal files, financial documents\statements, corporate correspondence, etc."
MCPHILLIPS,"Horton House Hortonwood 50, Telford, Shropshire, TF1 7FG, United Kingdom",10.09.2024,$40.8M,Commercial & Residential Construction,1.2 TB,"Personal Identifiable Information, customer information, engineering data\drawings\projects, employees\executives personal data, financial documents, contracts, corporate correspondence, etc."
DENKAI AMERICA,"8 John St, Hoosick Falls, New York, 12090, United States",05.08.2024,$18.1M,Manufacturing,80 GB,"Personal identifiable information, corporate confidential data, customers data, contracts, employees and executives personal files, financial documents\statements, corporate correspondence, etc."
"BACON UNIVERSAL COMPANY, INC.","918 Ahua St, Honolulu, Hawaii, 96819, United States",09.09.2023,$24.9M,Construction,28 GB,"Accounting, HR, Finance, UserData"
ROTOMAIL ITALIA SPA,"12/ab Strada Rivoltana Sp 14, Vignate, Lombardy, 20060, Italy",01.07.2023,$57M,IT and Software Solutions,8 GB,"Client data, Accounting, Contracts"
BIOCAIR,"Iconix One London Sawston Rd, Cambridge, Cambridgeshire, CB22 3EG, United Kingdom",01.07.2023,$152.3M,Biotechnology,92 GB,"Accounting, Directors, Human Resources"
CORNERSTONE PROJECTS GROUP,"4770 Bryant Irvin Ct Ste 200, Fort Worth, Texas, 76107, United States",19.12.2023,$9M,Construction,102 GB,"Accounting, Projects"
RANGER AMERICAN,"605 Marginal Lodi 65, San Juan, Puerto Rico, 00929, United States",10.09.2024,$52.9M,"Automobile Dealers, Security Services",218 GB,"Personal Identifiable Information, customer info, contracts, employees\executives personal and corporate data, accounting\payroll, corporate correspondence, etc."
COOP,"4 Englundav√§gen, Solna, 171 41, Sweden",12.01.2024,$66.1M,Food Services,257 GB,N/A
HI - CONE,"1140 W Bryn Mawr Ave, Itasca, Illinois, 60143, United States",29.01.2024,$27M,Food Services,650 GB,N/A
RIOMARINE INC,"5301 Polk St Bldg 12, Houston, Texas, 77023, United States",16.09.2024,$56M,Marine,490 GB,"Personal Identifiable Information, employees\executives personal data, engineering data\drawings\projects, customer information, financial documents, contracts, corporate correspondence, database backups etc."
STA,"10 Commerce Dr, Gaffney, South Carolina, 29340, United States",30.06.2024,$71.3M,Manufacturing,278 GB,"Personal identification documents, corporate data, drawings, financial documents, supplier\customer information, employee personal data, corporate and personal correspondence, etc."
JSS ALMONDS,"5600 Norris Rd, Bakersfield, California, 93308, United States",22.12.2023,$11.8M,Agriculture,350 GB,"Accounting, Docs"
UNIMARKETING,"102-1051 Talbot Blvd, Chicoutimi, Quebec, G7H 4B5, Canada",01.10.2023,$17.7M,Food Services,270 GB,Corporate Date
WESTERN WYOMING BEVERAGES,"PO Box 1336, Rock Springs, Wyoming, 82902, United States",05.08.2024,$59.2M,Grocery Retail,102 GB,"Database exports, Employee personal files, personal Identifiable Information, financial data, customer data, contracts, corporate correspondence, etc."
DAHL VALVE LIMITED,"2600 S Sheridan Way, Mississauga, Ontario, L5J 2M4, Canada",05.08.2024,$23.9M,Building Materials,80 GB,"Personal identifiable information, corporate confidential data, agreements, contracts, engineering data\drawings\projects, employees and executives personal files, financial documents\statements, corporate correspondence, database backups etc."
UNITEX HEALTHCARE LAUNDRY SERVICES,"565 Taxter Rd Ste 620, Elmsford, New York, 10523, United States",18.12.2023,$288.5M,Healthcare,134 GB,"Accounting, Sales"
SANYOSHOKAI,"6-14 Yotsuyahonshio-cho, Honshiocho, Tokyo, 160-0003, Japan",21.06.2024,$412.6M,Apparel & Accessories Retail,248 GB,"Personal identifying information, financial documents, customer data, engineering information, employee\executives personal files, corporate correspondence, etc."
ACFIN,"82 Av. El Gold Piso 9, Santiago, Santiago Metropolitan, Chile",19.05.2024,$25.1M,Finance,460 GB,"Client confidential data - agreements\reports etc., Personal identification Information (passports, DL, etc), financial statements\reports, executives personal data, security officer private photos and files, etc."
DBM GROUP,"300 Commerce Ste 200, Irvine, California, 92602, United States",28.12.2023,$43.6M,Business Services,2.4 TB,N/A
HUNDHAUSEN,"B√§ckerstr. 4, 57076 Siegen. Germany",10.07.2024,$150M,Commercial & Residential Construction,650 GB,"Corporate confidential data: projects, drawings, financial documents\payrolls, correspondence etc."
LARLYN,"540 Wharncliffe Rd S Ste 200, London, Ontario, N6J 2N4, Canada",17.06.2023,$256.8M,Real Estate,2.4 TB,N/A
THE WASSERTROM COMPANY,"4500 E Broad St, Columbus, Ohio, 43213, United States",10.07.2023,$850.6M,Food Services,35 GB,HUMAN RESOURCES
ISOMETRIX,"44 Milton Ave Ste 106, Alpharetta, Georgia, 30009, United States",22.07.2024,$45.8M,Business Services,126 GB,"Personal identifiable information, employees and executives personal files, financial data, customer information, contracts\NDA, corporate correspondence, software development data etc."
SCANSOURCE INC.,"6 Logue Ct, Greenville, South Carolina, 29615, United States",10.07.2023,$66.1M,IT Services,39 GB,"Accounting, HR, Secure documents"
NATCO,"346 W Cerritos Ave, Glendale, California, 91204, United States",17.06.2023,$38.5M,Business Services,111 GB,"Employees personal and corporate data, customer information, corporate correspondence, database backups, etc."
QUAKER WINDOWS & DOORS,"504 S Hwy 63, Freeburg, Missouri, 65035, United States",12.01.2024,$271.6M,Furniture Retail,2.4 TB,N/A
ESPACK EUROLOGISTICA,"4 Calle De O'donnell, Madrid, Madrid, 28009, Spain",04.06.2024,$17.3M,Business Services,11 GB,"Employees and executives personal and corporate data, financials, database exports, etc."
THE HURLEY GROUP,"55 Church St Ste 204, New Haven, Connecticut, 06510, United States",18.12.2023,$17.2M,Real Estate,63 GB,Corporate Data
"COASTAL CARGO COMPANY, LLC","3500 Terminal Drive New Orleans, LA, 70115, USA",18.04.2024,$36.6M,"Transportation, Logistics",3 GB,N/A
REA MAGNET WIRE,"3400 E Coliseum Blvd Ste 200, Fort Wayne, Indiana, United States",09.07.2024,$100M,Electronics,100 GB,"Personal identifiable information, employees personal files, corporate agreements, projects, financial documents, personnel data, corporate correspondence, etc."
CONTENDERBOATS,"1820 SE 38th Ave, Homestead, Florida, 33035, United States",28.03.2024,$51.8M,Marine ,65 GB,"Financial documents, Personal identification information. engineering documents and drawings, corporate correspondence, user personal folders, etc."
THOMASLLOYD,"427 Bedford Rd, Pleasantville, New York, 10570, United States",17.09.2023,$66.1M,Finance,2.4 TB,"Personal Identifiable Information, employees\executives personal data, corporate confidential documents, customer information, financial documents, corporate correspondence, database backups, etc."
MILLIMAGES,"88 Rue De La Folie M√©ricourt, Paris, Ile-de-France, 75011, France",07.07.2024,$12.6M,Broadcasting,147 GB,"Personal identifiable information, corporate confidential agreements, contracts, financial documents, personnel data, employees personal files, legal documents, corporate correspondence, etc."
MARFRIG GLOBAL FOODS,"1560 bloco 5 Av. Queiroz Filho Sala 301, Vila Hamburguesa, S√£o Paulo, 05319-000, Brazil",24.12.2023,$66.1M,Food Services,730 GB,"Legal, Finance"
ITALKRAFT,"2900 NW 77 Ct, Miami, Florida, 33122, United States",25.07.2023,$56.2M,Furniture Retail,83 GB,N/A
JAY GROUP,"700 Indian Springs Dr, Lancaster, Pennsylvania, 17601, United States",08.02.2024,$62.2M,Transportation & Logistics,270 GB,N/A
BARSCO,"4309 Beltwood Pkwy N, Dallas, Texas, 75244, United States",30.08.2023,$21.9M,HVAC,233 GB,User Shares
LEEKES,"Beanacre Rd, Melksham, Wiltshire, SN12 8AG, United Kingdom",22.12.2023,$95M,Furniture Retail,112 GB,"Departments, Directors, HR"
HORNSYLD KÿBMANDSGAARD,"28 N√∏rregade, Hornsyld, Region Midtjylland, 8783, Denmark",26.08.2023,$21.8M,Agriculture,70 GB,"Human Resources, Invoice"
CTG BRANDS,"123 Great Gulf Dr, Concord, Ontario, L4K 5V1, Canada",21.06.2024,$29.6M,Furniture,327 GB,"Personal identifiable information, corporate confidential data, corporate correspondence, employees and executives personal files, financial documents, customer information, database backups, etc."
GHIM LI,"264 George Australia Square St L 42 Ste 4201, Sydney, New South Wales, 2000, Australia",17.06.2023,$189.1M,Retail,88 GB,N/A
AGORAVITA,"1 Rue Paul Mespl√©, Toulouse, Midi Pyr√©n√©es, 31100, France",17.06.2023,$17.8M,"IT solutions, infrastructures and networks",6 GB,"Human Resources, Finance"
TRIDON,"21 Derby St, Silverwater, New South Wales, 2128, Australia",12.01.2024,$34M,Manufacturing ,175 GB,N/A
SCHNIEDER ELECTRIC,"35 rue Joseph Monier, Rueil Malmaison, 92500, France",13.03.2024,$66.1M,Manufacturing (Electronics),1.5 TB,"Accounting\treasury\taxes 150GB+, HR - payrolls\personal documents\dossiers 30GB+, Customer data - projects\contracts\drawings 350GB+, Engineering\R&amp;D\QA 130GB+, corporate correspondence 100GB+, employees' personal folders... Lots of IDs, customer private data, contracts, confidential drawings and various corporate documents!"
"SPUNCAST, INC.","PO Box 521, Watertown, Wisconsin, 53094, United States",20.12.2023,$22.8M,Manufacturing ,35 GB,"Accounting, HR, Project, Payroll, UserData"
"AERO DYNAMIC MACHINING, INC.","7472 Chapman Avenue, Garden Grove, California, 92841, United States",15.04.2024,$66.1M,Machine parts for Aerospace Industry,1.1 TB,"Engineering documents and drawings, confidential data and correspondence with various customers such as Boeing, SpaceX, Airbus etc., corporate correspondence, database backups\exports, employee personal documents and much more."
GEOTEK,"101 3rd St, Manchester, Kentucky, 40962, United States",23.12.2023,$35.5M,Geotechnical Engineering ,800 GB,"Corporate, HR"
APS,"34501 Femrite Dr, Madison, Wisconsin, 53716, United States",25.02.2024,$66.1M,IT Services ,54 GB,N/A
PEERLESS UMBRELLA,"427 Ferry St At, Newark, New Jersey, 07105, United States",17.06.2023,$23.2M,Manufacturing,131 GB,"Personal Identifiable Information, database backups, employees\executives personal and corporate data, customer data, contracts\projects\drawings, financial documents, corporate correspondence, etc."
DM CIVIL,"547 Bickley Rd, Maddington, Western Australia, 6109, Australia",29.09.2023,$34.4M,Construction,57 GB,"HR,Contracts"
REMKES,"8 Kweekweg, Epe, Gelderland, 8161PG, Netherlands",07.03.2024,$31.4M,Food Services,190 GB,N/A
GRUPA TOPEX,"ul. Pograniczna 2/4, 02-285 Warsaw, Poland",26.03.2024,$66.5M,Industrial Machinery & Equipment Manufacturer,638 GB,"Database exports, executive managers personal data, corporate data, financial documents, personal identification information, client information and much more."
GDI INTEGRATED FACILITY SERVICES INC.,"695 90th Ave, Lasalle, Quebec, H8R 3A4, Canada",12.01.2024,$66.1M,Facility Management,2.4 TB,N/A
DOLLMAR,"2 Via Bruno Buozzi 4, Caleppio Di Settala, Milano, 20090, Italy",05.06.2024,$28.3M,Chemicals & Related Products,127 GB,"Confidential corporate data, drawings, engineering files, Q&amp;A, personal identifying information, financial documents, corporate and personal correspondence, employee personal files, database backups, etc."
FIRST PRIORITY DKI,"114 Industrial Dr, Gilberts, Illinois, 60136, United States",21.06.2024,$22.9M,Consumer Services,111 GB,"Employees and executives personal data, contracts, reports, customer data, personal identification information, etc."
DILLARD DOOR,"788 East St Ste 102, Memphis, Tennessee, 38104, United States",28.12.2023,$8.5M,Furniture Retail,2.4 TB,N/A
DRM,"5324 N 134th Ave, Omaha, Nebraska, 68164, United States",13.05.2024,$266.6M,Hospitality and Food Services,175 GB,"Accounting\payroll documents, Personal Identifying information, HR documents, contracts, corporate correspondence, employees and executive managers personal folders, etc."
OOGP,"557 NE Westbrook Way, Grants Pass, Oregon, 9752, United States",08.02.2024,$11.4M,Restaurants,63 GB,N/A
SECURITY INSTRUMENT,"309 W Newport Pike, Wilmington, Delaware, 19804, United States",03.09.2024,$15.4M,Business Services,141 GB,"Corporate confidential data, Personal identifiable information, contracts, employees and executives personal files, financial documents, corporate correspondence, database exports\backups etc."
JMT,"1002 E Chatham St 474, Cary, North Carolina, 27511, United States",21.06.2024,$17.9M,Commercial & Residential Construction,331 GB,"Personal identification documents, employee personal files, confidential corporate data, projects, drawings, financial documents, supplier\customer information, &nbsp;corporate and personal correspondence, etc."
WEST CRAFT MANUFACTURING INC.,"506 Palestine Rd, Alto, Texas, 75925, United States",24.12.2023,$23.6M,Manufacturing ,140 GB,"Accounting, HR, Production"
BACHOCO,"401 Avenida Tecnologico, San Martin de Camargo, Guanajuato, 38010, Mexico",12.01.2024,$66.1M,Agriculture,130 GB,N/A
IMAGINATION,"25 Store St, London, Greater London, WC1E 7BL, United Kingdom",10.07.2023,$272.5M,Business Services,41 GB,Human Resources
ORTHUM ,Orthum Bau GmbH - Pfarrhofstra√üe 10 - 84076 Rainertshausen,20.12.2023,$25.1M,Healthcare,6 GB,"SQL, Scans, CorporateData, UserData"
PLYMOUTH TUBE,"&nbsp;29W150 Warrenville Rd, Warrenville, IL 60555, United States",20.03.2024,$137M,Manufacturing ,1.83 TB,"Accounting\treasury\taxes 250GB+, HR - payrolls\personal documents\dossiers 150GB+, Customer data - projects\contracts\drawings 90GB+, Engineering\R&amp;D\QA 120GB+, Legal documents 3GB+, corporate correspondence 20GB+, employees' personal folders... Hundreds of Personal Identifying information documents, executive managers personal and corporate documents, engineering database backups, etc."
LEVINE BAGADE HAN LLP,"2400 Geng Rd Ste 120, Palo Alto, California, 94303, United States",22.12.2023,$5M,Intellectual Property,443 GB,Clients
TRIMARAN CAPITAL PARTNERS,"1325 Avenue of the Americas Fl 25, New York City, New York, 10019, United States",30.07.2023,$5.8M,Solutions Investment,73 GB,Accounting
ASTRO,"The Astro Building Midas River Way, Harlow, Essex, CM20 2GJ, United Kingdom",19.12.2023,$19.2M,Furniture Retail,304 GB,"Sales, Marketing"
CUSTOM POWDER SYSTEMS,"2715 N Airport Commerce Ave, Springfield, Missouri, 65803, United States",22.12.2023,$17.4M,Manufacturing ,84 GB,"Accounting, HR, Scans"
ISC,"70 Borgergade, Esbjerg, Region Syddanmark, 6700, Denmark",19.12.2023,$60.1M,Renewable Energy,2.4 TB,N/A
HUNTER BUILDINGS,"14935 Jacintoport Blvd, Houston, Texas, 77015, United States",28.12.2023,$130.4M,Construction,2.4 TB,N/A
FULCRUM,"5751 Kroger Dr Ste 279, Fort Worth, Texas, 76244, United States",19.05.2024,$2.1M,IT Services and Consulting,57 GB,"Employees\executives personal data, corporate correspondence, agreements, private and corporate financial documents, personal identifying information, etc."
"MICHIGAN PRODUCTION MACHINING, INC.","16700 23 Mile Rd, Macomb, Michigan, 48044, United States",01.07.2023,$46.9M,Manufacturing (Automotive),5 GB,"Finance, Human Resources, CFO files"
MEDIMARKET,"2 Blvd Anspach 2, Brussels, Brussels Capital, Belgium",18.12.2023,$164M,Healthcare,2.4 TB,N/A
HAWA AG,"90 Wilerstrasse, Sirnach, Thurgau, 8370, Switzerland",01.07.2023,$24.4M,Furniture Retail,9 GB,"Projects, Drawings"
VERHELST GROUP,"30 Stationsstraat, Oudenburg, Flanders, 8460, Belgium",17.12.2023,$115.2M,Construction,125 GB,"Corporate Data, Finance, HR"
SPB,"P. I. Castilla Vial 6, Cheste, Valencia, 46380, Spain",18.02.2024,$81.4M,Manufacturing (Cleaning Products),706 GB,N/A
PARKSITE,"1563 Hubbard Ave, Batavia, Illinois, 60510, United States",18.02.2024,$452.7M,Building Solutions Partner,170 GB,N/A
FAMILY GUARDIAN,"East Bay &amp; Church Streets, Nassau, Bahamas",09.06.2024,$51.7M,Insurance,1.5 TB,"Hundreds of confidential client documents and personal identifying information (passports, utility bills, contracts), corporate correspondence, employee phones backups, executives personal data, database backups, etc."
NOVOBIT AG,"54 Knonauerstrasse, Cham, Zug, 6330, Switzerland",01.07.2023,$39.4M,Manufacturing (Fiber),23 GB,"Accounting, HR, Management"
BRIC PARTNERSHIP,"100 E Washington St Ste 220, Belleville, Illinois, 62220, United States",22.12.2023,$58.3M,Consulting and Advisory Services,157 GB,"Accounting, Projects"
